dataset,algorithm,params,fit_time_sec_mean,fit_time_sec_std,predict_time_sec_mean,predict_time_sec_std,fit_mem_mb_mean,fit_mem_mb_std,predict_mem_mb_mean,predict_mem_mb_std,runtime_sec_mean,runtime_sec_std,ARI_mean,ARI_std,homogeneity_mean,homogeneity_std,completeness_mean,completeness_std,v_measure_mean,v_measure_std
blobs,Birch,threshold=0.3,0.02399866000007478,,0.0011785419999341684,,0.0,,0.0,,0.025177202000008947,,0.6588466241227409,,0.6077512592866782,,0.613172024082544,,0.6104496078855295,
blobs,Birch,threshold=0.5,0.005763514999898689,,0.0007247629999937999,,0.0,,0.0,,0.006488277999892489,,0.5558046075885886,,0.5750821538643492,,0.6003275123652562,,0.5874337241797011,
blobs,Birch,threshold=0.7,0.005176272000085191,,0.0008624139999255931,,0.0,,0.0,,0.0060386860000107845,,0.6223281192038675,,0.5901679535361828,,0.5942538071108057,,0.5922038329185968,
blobs,DBSCAN,eps=0.2,0.0016987710000648804,,9.550000186209218e-07,,0.0,,0.0,,0.0016997260000835013,,0.004924344596611705,,0.07467161330374723,,0.22600640559467197,,0.11225471675358259,
blobs,DBSCAN,eps=0.3,0.001629763999972056,,1.1339999446136062e-06,,0.0,,0.0,,0.0016308979999166695,,0.05596919189736024,,0.42940985590447256,,0.24561161184218588,,0.3124879782022026,
blobs,DBSCAN,eps=0.4,0.0025887010000360533,,1.041999894368928e-06,,0.0,,0.0,,0.0025897429999304222,,0.3349848255646343,,0.5399083991570255,,0.3564996396108498,,0.42944092734133177,
blobs,DBSCAN,eps=0.5,0.0016412449999734235,,1.5210000583465444e-06,,0.0,,0.0,,0.00164276600003177,,0.35578775853795025,,0.4304717385616891,,0.42923431572383774,,0.42985213659693555,
blobs,DBSCAN,eps=0.6,0.0018874690000529881,,1.32200000280136e-06,,0.0,,0.0,,0.0018887910000557895,,-0.0003922663036922252,,0.017551925687581356,,0.04902794355294764,,0.025849699967041666,
blobs,DBSCAN,eps=0.7,0.0018824799999492825,,1.5880000319157261e-06,,0.0,,0.0,,0.0018840679999811982,,0.00010914656290651747,,0.003597572282187422,,0.025141783605461973,,0.006294461447038508,
blobs,DBSCAN,eps=0.8,0.001956913000071836,,1.8150000187233672e-06,,0.0,,0.0,,0.0019587280000905594,,-0.00013148561915850114,,0.0016185643409335686,,0.018137400629848678,,0.0029719175894587276,
blobs,KMeans,n_clusters=1,0.0015863880000779318,,0.00030836500002351386,,0.0,,0.0,,0.0018947530001014457,,,,,,,,,
blobs,KMeans,n_clusters=2,0.0017001400000253852,,0.0002485940000269693,,0.0,,0.0,,0.0019487340000523545,,0.48181237477573075,,0.42597051329409735,,0.7161974432972559,,0.5342103861006914,
blobs,KMeans,n_clusters=3,0.0020224659999712458,,0.00029824599994299206,,0.0,,0.0,,0.002320711999914238,,0.7667434002939801,,0.701841178136265,,0.702680686012836,,0.7022606811801028,
blobs,KMeans,n_clusters=4,0.0021489980000524156,,0.00028526500000225496,,0.0,,0.0,,0.0024342630000546706,,0.6585339094051236,,0.741301955767777,,0.5974879098239141,,0.6616706138633884,
blobs,KMeans,n_clusters=5,0.0024059890000671658,,0.00031052099996031757,,0.0,,0.0,,0.0027165100000274833,,0.5189380459857139,,0.7080142225624665,,0.49018572164061974,,0.5792997475883392,
blobs,LogisticRegression,C=0.1,0.005957340000009026,,0.00026116100002582243,,0.0,,0.0,,0.006218501000034848,,0.7938161143841437,,0.7336087618613936,,0.7338969638196772,,0.7337528345406904,
blobs,LogisticRegression,C=1.0,0.0048449060000166355,,0.00019140200004130747,,0.0,,0.0,,0.005036308000057943,,0.8022506412115595,,0.7409345622189385,,0.7410913055361995,,0.7410129255887571,
blobs,LogisticRegression,C=10.0,0.0055087660000481264,,0.00020730000005642069,,0.0,,0.0,,0.005716066000104547,,0.8022506412115595,,0.7409345622189385,,0.7410913055361995,,0.7410129255887571,
blobs,MeanShift,quantile=0.2,0.06146537200004332,,1.0900000688707223e-06,,0.0,,0.0,,0.06146646200011219,,0.7739867040118736,,0.7124966953835468,,0.7136131550697612,,0.7130544882048387,
blobs,MeanShift,quantile=0.3,0.0798156260000269,,1.8560000398792909e-06,,0.0,,0.0,,0.07981748200006678,,0.4720170284731233,,0.4114659499315702,,0.6878737122929796,,0.5149211298150612,
blobs,OPTICS,min_samples=10,0.2029802260000224,,1.107999992200348e-06,,0.0,,0.0,,0.2029813340000146,,0.2559417500797957,,0.464745440572679,,0.4009305818245941,,0.43048589788391134,
blobs,OPTICS,min_samples=5,0.1985351889999265,,3.200000264769187e-07,,0.0,,0.0,,0.19853550899995298,,0.025832410271523783,,0.33081623145545075,,0.23438071050441925,,0.27437141859280695,
blobs,RandomForest,n_estimators=100,0.14537372700010565,,0.0057931290000396984,,0.0,,0.0,,0.15116685600014534,,1.0,,1.0,,1.0,,1.0,
blobs,RandomForest,n_estimators=50,0.06874069699995289,,0.0034405029999788894,,0.0,,0.0,,0.07218119999993178,,1.0,,1.0,,1.0,,1.0,
blobs,SVC,C=0.5,0.0021423700000013923,,0.0010551200000463723,,0.0,,0.0,,0.0031974900000477646,,0.7842002608222026,,0.7224663861439753,,0.7227278255561023,,0.7225970822025021,
blobs,SVC,C=1.0,0.00168432100008431,,0.00092891100007364,,0.0,,0.0,,0.00261323200015795,,0.784175617338439,,0.7223560502528196,,0.7227695554162259,,0.7225627436747791,
blobs,SheShe,"('C=0.01,max_order=3,jaccard_threshold=0.55,', 'base_2d_rays=24')",0.5503615249999712,,0.0004590759999700822,,0.0,,0.0,,0.5508206009999412,,0.759627412501361,,0.6950863270391735,,0.6955317650480674,,0.6953089747030342,
blobs,SheShe,"('C=0.1,max_order=3,jaccard_threshold=0.55,', 'base_2d_rays=24')",0.5463288509999984,,0.00036154099996110745,,0.0,,0.0,,0.5466903919999595,,0.7938161143841437,,0.7336087618613936,,0.7338969638196772,,0.7337528345406904,
blobs,SheShe,"('C=1.0,max_order=2,jaccard_threshold=0.55,', 'base_2d_rays=24')",0.5030835310000157,,0.0003009590000147,,0.0,,0.0,,0.5033844900000304,,0.7938161143841437,,0.7336087618613936,,0.7338969638196772,,0.7337528345406904,
blobs,SheShe,"('C=1.0,max_order=3,jaccard_threshold=0.4,', 'base_2d_rays=24')",0.5227668030000814,,0.00031185099999220256,,0.0,,0.0,,0.5230786540000736,,0.7938161143841437,,0.7336087618613936,,0.7338969638196772,,0.7337528345406904,
blobs,SheShe,"('C=1.0,max_order=3,jaccard_threshold=0.55,', 'base_2d_rays=16')",0.5778742020000891,,0.0003099300000712901,,0.0,,0.0,,0.5781841320001604,,0.7938161143841437,,0.7336087618613936,,0.7338969638196772,,0.7337528345406904,
blobs,SheShe,"('C=1.0,max_order=3,jaccard_threshold=0.55,', 'base_2d_rays=24')",0.5313947959999723,,0.0003429600000117716,,0.0,,0.0,,0.5317377559999841,,0.7938161143841437,,0.7336087618613936,,0.7338969638196772,,0.7337528345406904,
blobs,SheShe,"('C=1.0,max_order=3,jaccard_threshold=0.7,', 'base_2d_rays=24')",0.5036146129999679,,0.0003129690001060226,,0.0,,0.0,,0.5039275820000739,,0.7938161143841437,,0.7336087618613936,,0.7338969638196772,,0.7337528345406904,
blobs,SheShe,"('C=10.0,max_order=3,jaccard_threshold=0.55,', 'base_2d_rays=24')",0.44164973099998406,,0.00029911399997217814,,0.0,,0.0,,0.44194884499995624,,0.8022506412115595,,0.7409345622189385,,0.7410913055361995,,0.7410129255887571,
blobs,SheShe,"('C=100.0,max_order=3,jaccard_threshold=0.55,', 'base_2d_rays=24')",0.5253612210000256,,0.00032179600009385467,,0.0,,0.0,,0.5256830170001194,,0.8022506412115595,,0.7409345622189385,,0.7410913055361995,,0.7410129255887571,
breast_cancer,Birch,threshold=0.3,0.0493873839999992,,0.0024652850000279614,,1.25,,0.0,,0.05185266900002716,,0.2872456066095377,,0.26215041159208424,,0.40760091453790204,,0.31908185424236946,
breast_cancer,Birch,threshold=0.5,0.034466467999948236,,0.0022962540000435183,,0.25,,0.0,,0.036762721999991754,,0.2872456066095377,,0.26215041159208424,,0.40760091453790204,,0.31908185424236946,
breast_cancer,Birch,threshold=0.7,0.031006622999996125,,0.0017733590000261756,,0.0,,0.0,,0.0327799820000223,,0.2872456066095377,,0.26215041159208424,,0.40760091453790204,,0.31908185424236946,
breast_cancer,DBSCAN,eps=0.2,0.005866890999982388,,1.3200000239521614e-06,,1.25,,0.0,,0.00586821100000634,,,,,,,,,
breast_cancer,DBSCAN,eps=0.3,0.00199668999999858,,1.6540000160603086e-06,,0.0,,0.0,,0.00199834400001464,,,,,,,,,
breast_cancer,DBSCAN,eps=0.4,0.0019955409999852236,,1.134000001457025e-06,,0.0,,0.0,,0.0019966749999866806,,,,,,,,,
breast_cancer,DBSCAN,eps=0.5,0.0019464490000018486,,1.4540000279339438e-06,,0.0,,0.0,,0.0019479030000297826,,,,,,,,,
breast_cancer,DBSCAN,eps=0.6,0.0018773430000464941,,1.004000012017059e-06,,0.0,,0.0,,0.0018783470000585112,,,,,,,,,
breast_cancer,DBSCAN,eps=0.7,0.0018289170000116428,,8.630000252196623e-07,,0.0,,0.0,,0.0018297800000368625,,,,,,,,,
breast_cancer,DBSCAN,eps=0.8,0.001831422999998722,,1.0499999802959792e-06,,0.0,,0.0,,0.001832472999979018,,,,,,,,,
breast_cancer,KMeans,n_clusters=1,0.001629184499989833,0.0002247107568917606,0.00029035200000748773,6.631388812841994e-05,0.0,0.0,0.0,0.0,0.0019195364999973208,0.0002910246450201805,,,,,,,,
breast_cancer,KMeans,n_clusters=2,0.0023051669999745172,,0.000296536999996988,,0.0,,0.0,,0.0026017039999715053,,0.49142453622455523,,0.4222907124699913,,0.5168089972809707,,0.46479332792160805,
breast_cancer,KMeans,n_clusters=3,0.02645159399997965,,0.00036298499998110856,,0.125,,0.0,,0.02681457899996076,,0.5390726905036369,,0.49143729371476763,,0.45203691810560376,,0.4709144074311526,
breast_cancer,KMeans,n_clusters=4,0.003636138999979721,,0.00030646499999420485,,0.0,,0.0,,0.003942603999973926,,0.518730946470388,,0.5858110919648019,,0.3648263836882034,,0.449633740894024,
breast_cancer,LogisticRegression,C=0.1,0.05282547000001614,,0.0002560230000199226,,0.0,,0.0,,0.05308149300003606,,0.7862602689536679,,0.6721932520343425,,0.6801787233953689,,0.6761624114525491,
breast_cancer,LogisticRegression,C=1.0,0.08007156100001112,,0.00035590400000273803,,0.0,,0.0,,0.08042746500001385,,0.8438581068994522,,0.7437377958391718,,0.7491211933197711,,0.7464197880470245,
breast_cancer,LogisticRegression,C=10.0,0.07866167500003485,,0.00029549900000347407,,0.0,,0.0,,0.07895717400003832,,0.8503914759566132,,0.7523704435625259,,0.756690214219535,,0.7545241460983001,
breast_cancer,MeanShift,quantile=0.2,0.18812197899995908,,1.0480000014467805e-06,,0.0,,0.0,,0.18812302699996053,,0.5117963891639629,,0.4720827871237663,,0.3948762933538019,,0.4300417524501332,
breast_cancer,MeanShift,quantile=0.3,0.12768070200002057,,9.870000212686136e-07,,0.0,,0.0,,0.12768168900004184,,0.553440639309303,,0.5011120500160344,,0.4467680559186244,,0.4723822242525115,
breast_cancer,OPTICS,min_samples=10,0.4027145310000151,,1.2529999935395608e-06,,0.0,,0.0,,0.4027157840000086,,-0.0293669432521279,,0.23146168095607175,,0.11766519833587791,,0.15601768991311163,
breast_cancer,OPTICS,min_samples=5,0.4047682289999557,,3.9500002912973287e-07,,0.0,,0.0,,0.4047686239999848,,-0.0061499532200806435,,0.25127277723262403,,0.10358134198289305,,0.14669223244223575,
breast_cancer,RandomForest,n_estimators=100,0.22286638799999992,,0.005591382000034173,,0.0,,0.0,,0.2284577700000341,,1.0,,1.0,,1.0,,1.0,
breast_cancer,RandomForest,n_estimators=50,0.14446915700000318,,0.0031359220000126697,,0.0,,0.0,,0.14760507900001585,,1.0,,1.0,,1.0,,1.0,
breast_cancer,SVC,C=0.5,0.004597807999971337,,0.005327163999993445,,0.0,,0.0,,0.009924971999964782,,0.6639749637847767,,0.5517998672400601,,0.594598196075197,,0.5724001394535615,
breast_cancer,SVC,C=1.0,0.00481017999999267,,0.004918685999996342,,0.0,,0.0,,0.009728865999989011,,0.7116674373768958,,0.5987060061676828,,0.6334657504437443,,0.6155955895875806,
breast_cancer,SheShe,"('C=0.01,max_order=3,jaccard_threshold=0.55,', 'base_2d_rays=24')",1.4829673390000266,,0.0008213790000013432,,0.51953125,,0.0,,1.483788718000028,,,,,,,,,
breast_cancer,SheShe,"('C=0.1,max_order=3,jaccard_threshold=0.55,', 'base_2d_rays=24')",1.5742851520000158,,0.0008762460000184547,,0.125,,0.0,,1.5751613980000343,,0.7859721395848707,,0.6753578206187719,,0.6949907320359128,,0.6850336364843015,
breast_cancer,SheShe,"('C=1.0,max_order=2,jaccard_threshold=0.55,', 'base_2d_rays=24')",1.5235027279999827,,0.0008045100000231287,,0.0,,0.0,,1.5243072380000058,,0.7927299525614628,,0.6820106553234189,,0.6829648119260026,,0.6824874001334341,
breast_cancer,SheShe,"('C=1.0,max_order=3,jaccard_threshold=0.4,', 'base_2d_rays=24')",1.4936660669999924,,0.0007072039999798108,,0.0,,0.0,,1.4943732709999722,,0.7927299525614628,,0.6820106553234189,,0.6829648119260026,,0.6824874001334341,
breast_cancer,SheShe,"('C=1.0,max_order=3,jaccard_threshold=0.55,', 'base_2d_rays=16')",1.538917749999996,,0.0010445249999975204,,0.0,,0.0,,1.5399622749999935,,0.7927299525614628,,0.6820106553234189,,0.6829648119260026,,0.6824874001334341,
breast_cancer,SheShe,"('C=1.0,max_order=3,jaccard_threshold=0.55,', 'base_2d_rays=24')",1.5363456359999645,,0.0010175589999903423,,0.125,,0.0,,1.5373631949999549,,0.7927299525614628,,0.6820106553234189,,0.6829648119260026,,0.6824874001334341,
breast_cancer,SheShe,"('C=1.0,max_order=3,jaccard_threshold=0.7,', 'base_2d_rays=24')",1.5001563220000094,,0.0008761679999906846,,0.0,,0.0,,1.50103249,,0.7927299525614628,,0.6820106553234189,,0.6829648119260026,,0.6824874001334341,
breast_cancer,SheShe,"('C=10.0,max_order=3,jaccard_threshold=0.55,', 'base_2d_rays=24')",1.6319939200000135,,0.0008574800000360483,,0.0,,0.0,,1.6328514000000496,,0.792777222841794,,0.6833138008638033,,0.6823741237434975,,0.6828436390258815,
breast_cancer,SheShe,"('C=100.0,max_order=3,jaccard_threshold=0.55,', 'base_2d_rays=24')",1.7406421609999825,,0.0011471590000269316,,0.0,,0.0,,1.7417893200000094,,0.792777222841794,,0.6833138008638033,,0.6823741237434975,,0.6828436390258815,
circles,Birch,threshold=0.3,0.025015124999981708,,0.0010492659999954412,,0.0,,0.0,,0.02606439099997715,,0.022666036905439203,,0.020718571209893222,,0.022402846199458547,,0.02152781574323232,
circles,Birch,threshold=0.5,0.01696976599998834,,0.0009996090000186086,,0.0,,0.0,,0.01796937500000695,,-0.0029542128330778774,,0.0002885710768472793,,0.00028858032876935097,,0.0002885757027341595,
circles,Birch,threshold=0.7,0.017460229999983312,,0.0009728879999784112,,0.0,,0.0,,0.018433117999961723,,-0.002922058124804979,,3.6250903130582885e-05,,3.962166159933227e-05,,3.786140673174884e-05,
circles,DBSCAN,eps=0.2,0.0021041120000973024,,8.800000159681076e-07,,0.0,,0.0,,0.0021049920001132705,,1.0,,1.0,,1.0,,1.0,
circles,DBSCAN,eps=0.3,0.0023939829999335416,,1.1839999842777615e-06,,0.0,,0.0,,0.0023951669999178193,,,,,,,,,
circles,DBSCAN,eps=0.4,0.0019187189999456677,,8.279999974547536e-07,,0.0,,0.0,,0.0019195469999431225,,,,,,,,,
circles,DBSCAN,eps=0.5,0.0021019540000679626,,1.165999947261298e-06,,0.0,,0.0,,0.002103120000015224,,,,,,,,,
circles,DBSCAN,eps=0.6,0.002009173999908853,,9.679999948275508e-07,,0.0,,0.0,,0.0020101419999036807,,,,,,,,,
circles,DBSCAN,eps=0.7,0.0020517499999641586,,9.480000926487264e-07,,0.0,,0.0,,0.0020526980000568074,,,,,,,,,
circles,DBSCAN,eps=0.8,0.002309375999971053,,1.0259999498885009e-06,,0.0,,0.0,,0.0023104019999209413,,,,,,,,,
circles,KMeans,n_clusters=1,0.001407877999952234,0.00026389225082820977,0.00026483049992975793,5.242560388328343e-05,0.0,0.0,0.0,0.0,0.0016727084998819919,0.0003163178547114932,,,,,,,,
circles,KMeans,n_clusters=2,0.0016393849999758459,,0.00023126199994294439,,0.0,,0.0,,0.0018706469999187902,,-0.0033073702186047034,,3.2095790594086e-05,,3.212154069022565e-05,,3.210866047947281e-05,
circles,KMeans,n_clusters=3,0.0018387359999678665,,0.0002952789999426386,,0.0,,0.0,,0.002134014999910505,,-0.002821932898616312,,0.001725906582551406,,0.0010901364712448452,,0.001336253512931532,
circles,KMeans,n_clusters=4,0.0022413830000687085,,0.0002002070000344247,,0.0,,0.0,,0.002441590000103133,,-0.0049508781459514095,,0.0001283841268466172,,6.421699753385311e-05,,8.561157868225908e-05,
circles,LogisticRegression,C=0.1,0.001620559000002686,,0.00015091000000211352,,0.0,,0.0,,0.0017714690000047995,,-0.003176731885618562,,0.00012826616540420277,,0.00012828261679790164,,0.00012827439057357289,
circles,LogisticRegression,C=1.0,0.0014996160000464442,,0.0001666880000357196,,0.0,,0.0,,0.0016663040000821638,,-0.003176731885618562,,0.00012826616540420277,,0.00012828261679790164,,0.00012827439057357289,
circles,LogisticRegression,C=10.0,0.001680304999922555,,0.00014698400002544076,,0.0,,0.0,,0.0018272889999479958,,-0.003176731885618562,,0.00012826616540420277,,0.00012828261679790164,,0.00012827439057357289,
circles,MeanShift,quantile=0.2,0.05023795199997494,,1.4270000292526674e-06,,0.0,,0.0,,0.05023937900000419,,-0.004924413716506679,,0.0007903281436636932,,0.000341041605239857,,0.0004764751382870503,
circles,MeanShift,quantile=0.3,0.02334441400000742,,1.4890000556988525e-06,,0.0,,0.0,,0.023345903000063117,,,,,,,,,
circles,OPTICS,min_samples=10,0.19536971299999095,,1.7739999975674436e-06,,0.0,,0.0,,0.19537148699998852,,0.0584893784633294,,0.5402268698506826,,0.191422948410709,,0.28268118888689664,
circles,OPTICS,min_samples=5,0.20184736499993505,,5.75999933971616e-07,,0.0,,0.0,,0.20184794099986902,,0.04007248701822721,,0.8001603291472715,,0.17373424201543608,,0.28548315678411956,
circles,RandomForest,n_estimators=100,0.11880523300010282,,0.005010665999975572,,0.0,,0.0,,0.12381589900007839,,1.0,,1.0,,1.0,,1.0,
circles,RandomForest,n_estimators=50,0.0600480080000807,,0.0029578240000773803,,0.0,,0.0,,0.06300583200015808,,1.0,,1.0,,1.0,,1.0,
circles,SVC,C=0.5,0.0015311189999920316,,0.000604595000027075,,0.0,,0.0,,0.0021357140000191066,,1.0,,1.0,,1.0,,1.0,
circles,SVC,C=1.0,0.0013844239999798447,,0.0004942470000059984,,0.0,,0.0,,0.001878670999985843,,1.0,,1.0,,1.0,,1.0,
circles,SheShe,"('C=0.01,max_order=3,jaccard_threshold=0.55,', 'base_2d_rays=24')",0.18767110499993578,,0.00028803999998672225,,0.0,,0.0,,0.1879591449999225,,-0.003355704697986577,,0.0,,0.0,,0.0,
circles,SheShe,"('C=0.1,max_order=3,jaccard_threshold=0.55,', 'base_2d_rays=24')",0.1674778569999944,,0.0004421470000579575,,0.0,,0.0,,0.16792000400005236,,-0.003355704697986577,,0.0,,0.0,,0.0,
circles,SheShe,"('C=1.0,max_order=2,jaccard_threshold=0.55,', 'base_2d_rays=24')",0.16925078700000995,,0.00035875900005066796,,0.0,,0.0,,0.16960954600006062,,-0.003355704697986577,,0.0,,0.0,,0.0,
circles,SheShe,"('C=1.0,max_order=3,jaccard_threshold=0.4,', 'base_2d_rays=24')",0.16478502699999353,,0.00030129599997508194,,0.0,,0.0,,0.16508632299996862,,-0.003355704697986577,,0.0,,0.0,,0.0,
circles,SheShe,"('C=1.0,max_order=3,jaccard_threshold=0.55,', 'base_2d_rays=16')",0.179926038000076,,0.00027176699995834497,,0.0,,0.0,,0.18019780500003435,,-0.003355704697986577,,0.0,,0.0,,0.0,
circles,SheShe,"('C=1.0,max_order=3,jaccard_threshold=0.55,', 'base_2d_rays=24')",0.18478615200001514,,0.000285195000060412,,0.0,,0.0,,0.18507134700007555,,-0.003355704697986577,,0.0,,0.0,,0.0,
circles,SheShe,"('C=1.0,max_order=3,jaccard_threshold=0.7,', 'base_2d_rays=24')",0.16783596400000533,,0.00032748900002843584,,0.0,,0.0,,0.16816345300003377,,-0.003355704697986577,,0.0,,0.0,,0.0,
circles,SheShe,"('C=10.0,max_order=3,jaccard_threshold=0.55,', 'base_2d_rays=24')",0.16642764300002,,0.00036860399995930493,,0.0,,0.0,,0.1667962469999793,,-0.003355704697986577,,0.0,,0.0,,0.0,
circles,SheShe,"('C=100.0,max_order=3,jaccard_threshold=0.55,', 'base_2d_rays=24')",0.16272038099998554,,0.000311934000023939,,0.0,,0.0,,0.16303231500000948,,-0.003355704697986577,,0.0,,0.0,,0.0,
digits,Birch,threshold=0.3,0.30252277900001445,,0.0529547820000289,,3.609375,,23.0,,0.35547756100004335,,0.7940031835568753,,0.8575128719504722,,0.8790955851724198,,0.8681701126909083,
digits,Birch,threshold=0.5,0.1998532890000888,,0.02314739799999188,,1.875,,0.0,,0.2230006870000807,,0.7940031835568753,,0.8575128719504722,,0.8790955851724198,,0.8681701126909083,
digits,Birch,threshold=0.7,0.1807522770000105,,0.02053831699993225,,1.875,,0.0,,0.20129059399994276,,0.7940031835568753,,0.8575128719504722,,0.8790955851724198,,0.8681701126909083,
digits,DBSCAN,eps=0.2,0.015024224999933722,,1.3869999975213432e-06,,-0.76171875,,0.0,,0.015025611999931243,,,,,,,,,
digits,DBSCAN,eps=0.3,0.01859351300004164,,1.10500002392655e-06,,0.01953125,,0.0,,0.018594618000065566,,,,,,,,,
digits,DBSCAN,eps=0.4,0.01765887500005192,,9.260000979338656e-07,,0.0,,0.0,,0.017659801000149855,,,,,,,,,
digits,DBSCAN,eps=0.5,0.01805236400002741,,1.1880000556629966e-06,,0.0,,0.0,,0.018053552000083073,,,,,,,,,
digits,DBSCAN,eps=0.6,0.019877752999946097,,1.3100000160193304e-06,,0.0,,0.0,,0.019879062999962116,,,,,,,,,
digits,DBSCAN,eps=0.7,0.018044132999989415,,1.1380000159988413e-06,,0.0,,0.0,,0.018045271000005414,,,,,,,,,
digits,DBSCAN,eps=0.8,0.01695259600001009,,1.4290000081018661e-06,,0.0,,0.0,,0.01695402500001819,,,,,,,,,
digits,KMeans,n_clusters=10,0.008244986000022436,,0.0006861519999574739,,0.0,,0.0,,0.00893113799997991,,0.6153537727935613,,0.7165701132825527,,0.7451645046735983,,0.7305876278345286,
digits,KMeans,n_clusters=11,0.010713819999978114,,0.000676331000022401,,0.0,,0.0,,0.011390151000000515,,0.5932597573660088,,0.7246015949772789,,0.7273266387889444,,0.7259615596410928,
digits,KMeans,n_clusters=12,0.009151204999966467,,0.0006626000000551358,,0.0,,0.0,,0.009813805000021603,,0.6497361591286464,,0.7704849137134091,,0.7394772953581534,,0.7546627282246761,
digits,KMeans,n_clusters=8,0.013504423000085808,,0.0007723510000232636,,1.75,,0.0,,0.014276774000109071,,0.513289440856861,,0.6236801938787362,,0.7203513304941255,,0.6685391664053638,
digits,KMeans,n_clusters=9,0.008923275000029207,,0.0006462110000029497,,0.0,,0.0,,0.009569486000032157,,0.5995003374553841,,0.693828069103694,,0.752382084976354,,0.7219197123939719,
digits,LogisticRegression,C=0.1,14.822364480000033,,0.0006455729999288451,,0.0,,0.0,,14.823010052999962,,0.9987794883715785,,0.9985107332386189,,0.9985039156192348,,0.9985073244172895,
digits,LogisticRegression,C=1.0,4.1340534660000685,,0.007472917000086454,,0.0,,0.0,,4.141526383000155,,1.0,,1.0,,1.0,,1.0,
digits,LogisticRegression,C=10.0,3.371827062999955,,0.003430002000072818,,0.0,,0.0,,3.375257065000028,,1.0,,1.0,,1.0,,1.0,
digits,MeanShift,quantile=0.2,,,,,,,,,0.0,,,,,,,,,
digits,MeanShift,quantile=0.3,,,,,,,,,0.0,,,,,,,,,
digits,OPTICS,min_samples=10,1.3410041690000298,,1.4879999525874155e-06,,0.0,,0.0,,1.3410056569999824,,0.054739441113641575,,0.1932107364393107,,0.7517142750829356,,0.3074090894191496,
digits,OPTICS,min_samples=5,1.308969429000058,,3.6200003705744166e-07,,0.0,,0.0,,1.308969791000095,,0.060113356157389206,,0.28350084206652226,,0.5425618301497989,,0.3724093604373432,
digits,RandomForest,n_estimators=100,0.36302365599999575,,0.018355747999976302,,0.0,,0.0,,0.38137940399997206,,1.0,,1.0,,1.0,,1.0,
digits,RandomForest,n_estimators=50,0.2137253729999884,,0.009703564000005827,,0.0,,0.0,,0.22342893699999422,,1.0,,1.0,,1.0,,1.0,
digits,SVC,C=0.5,0.04099214999996548,,0.09686636899994028,,0.0,,0.0,,0.13785851899990575,,0.9791771970686594,,0.977048969137536,,0.9770871679534258,,0.9770680681721319,
digits,SVC,C=1.0,0.037952788999973563,,0.08283184600009008,,0.0,,0.0,,0.12078463500006364,,0.9925911072636869,,0.9913438546133192,,0.9913774032009699,,0.9913606286233154,
digits,SheShe,"('C=0.01,max_order=3,jaccard_threshold=0.55,', 'base_2d_rays=24')",19.90854101299999,,0.0023464999999873726,,2.0,,0.0,,19.910887512999977,,0.3192516767288054,,0.4234220843654824,,0.4470465896765791,,0.4349137526807567,
digits,SheShe,"('C=0.1,max_order=3,jaccard_threshold=0.55,', 'base_2d_rays=24')",20.158290684000008,,0.003412679999996726,,-3.33984375,,0.25,,20.161703364000005,,0.3356267658108064,,0.44484833911768745,,0.45525736900733227,,0.4499926678520096,
digits,SheShe,"('C=1.0,max_order=2,jaccard_threshold=0.55,', 'base_2d_rays=24')",18.475744910999992,,0.0033017730000324264,,3.625,,0.0,,18.479046684000025,,0.2844102855758406,,0.3842917662010954,,0.40226317378776,,0.3930721623457016,
digits,SheShe,"('C=1.0,max_order=3,jaccard_threshold=0.4,', 'base_2d_rays=24')",13.602569345000006,,0.0030274380000037127,,-4.0703125,,0.125,,13.60559678300001,,0.3125946010160982,,0.42192283157731847,,0.429865149649972,,0.4258569623755406,
digits,SheShe,"('C=1.0,max_order=3,jaccard_threshold=0.55,', 'base_2d_rays=16')",14.01828144000001,,0.0023494189999837545,,-0.1328125,,0.0,,14.020630858999994,,0.33616899940391803,,0.446507108041997,,0.45381815756458876,,0.45013294828417316,
digits,SheShe,"('C=1.0,max_order=3,jaccard_threshold=0.55,', 'base_2d_rays=24')",12.637869410000008,,0.0041633039999737775,,0.0390625,,0.375,,12.642032713999981,,0.33616899940391803,,0.446507108041997,,0.45381815756458876,,0.45013294828417316,
digits,SheShe,"('C=1.0,max_order=3,jaccard_threshold=0.7,', 'base_2d_rays=24')",20.751165980999986,,0.00705304400003115,,0.3203125,,0.5,,20.758219025000017,,0.3419597544883133,,0.44825880399850576,,0.455065415568333,,0.4516364656348076,
digits,SheShe,"('C=10.0,max_order=3,jaccard_threshold=0.55,', 'base_2d_rays=24')",12.911190587000021,,0.003228766999995969,,-0.22265625,,0.125,,12.914419354000017,,0.3293365179777752,,0.43702667772892706,,0.4433429524341892,,0.44016215679986287,
digits,SheShe,"('C=100.0,max_order=3,jaccard_threshold=0.55,', 'base_2d_rays=24')",10.249793141999987,,0.003996123999968404,,-0.12109375,,0.375,,10.253789265999956,,0.33509926348030267,,0.4420284175790601,,0.44842970251303665,,0.4452060514126936,
iris,Birch,threshold=0.3,0.005056457000023329,,0.0006599459999847568,,0.4609375,,0.0,,0.005716403000008086,,0.5658856060268795,,0.6348349886259617,,0.7915254996344554,,0.7045737535402855,
iris,Birch,threshold=0.5,0.0030410159999973985,,0.0005369369999925766,,0.0,,0.0,,0.003577952999989975,,0.6096252514698314,,0.6747055693979639,,0.7383596460504098,,0.7050989012575005,
iris,Birch,threshold=0.7,0.0029748599999948055,,0.0004699429999845961,,0.0,,0.0,,0.0034448029999794016,,0.6123997398655973,,0.6910016241962369,,0.7685295866238399,,0.7277065247567378,
iris,DBSCAN,eps=0.2,0.002445226000020284,,1.8769999883261335e-06,,0.375,,0.0,,0.0024471030000086103,,0.04045586955585664,,0.12720568505167063,,0.324840031016568,,0.18281999899068074,
iris,DBSCAN,eps=0.3,0.001883120999991661,,1.3919999446443398e-06,,0.0,,0.0,,0.0018845129999363053,,0.2817560884963758,,0.4076549670760289,,0.47325986457012487,,0.43801449942492293,
iris,DBSCAN,eps=0.4,0.0016615040000260706,,1.1579999750210845e-06,,0.0,,0.0,,0.0016626620000010917,,0.5898239119084911,,0.7688537637520853,,0.5493973862089341,,0.6408585316914573,
iris,DBSCAN,eps=0.5,0.0014989260000106697,,9.469999895372894e-07,,0.0,,0.0,,0.001499873000000207,,0.5206185241703302,,0.5599460100861128,,0.6565579648058795,,0.6044156375501386,
iris,DBSCAN,eps=0.6,0.001574785000002521,,7.639999921593699e-07,,0.0,,0.0,,0.0015755489999946803,,0.5369965960725409,,0.560328924857128,,0.7380130903203165,,0.6370125538503078,
iris,DBSCAN,eps=0.7,0.0015264609999690038,,1.7639999896346126e-06,,0.0,,0.0,,0.0015282249999586384,,0.5621364251426576,,0.5922803215408909,,0.8958399602039628,,0.7130987813117572,
iris,DBSCAN,eps=0.8,0.0014175550000459225,,9.98000018626044e-07,,0.0,,0.0,,0.0014185530000645485,,0.5637510205230709,,0.5879164116696249,,0.9202400768446993,,0.7174643320814477,
iris,KMeans,n_clusters=1,0.0013141260000111288,,0.00023005499997452716,,0.0,,0.0,,0.001544180999985656,,,,,,,,,
iris,KMeans,n_clusters=2,0.001619593000043551,,0.0002167769999914526,,0.0,,0.0,,0.0018363700000350036,,0.5399218294207123,,0.5223224641010155,,0.8835142349190769,,0.6565191143081123,
iris,KMeans,n_clusters=3,0.0018100909999816395,,0.00019907500001181688,,0.0,,0.0,,0.0020091659999934564,,0.7163421126838476,,0.7364192881252849,,0.7474865805095324,,0.7419116631817836,
iris,KMeans,n_clusters=4,0.0017802549999714756,,0.00023128300000507807,,0.0,,0.0,,0.0020115379999765537,,0.6498176853819967,,0.8083138423637096,,0.6522113355514314,,0.7219203867820962,
iris,KMeans,n_clusters=5,0.0021431459999803337,,0.00025772099996856923,,0.0,,0.0,,0.002400866999948903,,0.692705847366269,,0.9296578034627486,,0.657220485763432,,0.7700529490305067,
iris,LogisticRegression,C=0.1,0.013335832999985087,,0.00024681799999370924,,0.0,,0.0,,0.013582650999978796,,0.8856970310281228,,0.8639756867013153,,0.8643954288752762,,0.8641855068202221,
iris,LogisticRegression,C=1.0,0.015727357999992364,,0.0002995240000132071,,0.0,,0.0,,0.01602688200000557,,0.9221767019765943,,0.9009031466062023,,0.9013408291140613,,0.9011219347136156,
iris,LogisticRegression,C=10.0,0.01558474300003354,,0.00023518400001876216,,0.0,,0.0,,0.015819927000052303,,0.9410122562924206,,0.9191758274104793,,0.9192874043771058,,0.9192316125079704,
iris,MeanShift,quantile=0.2,0.15425346799997897,,3.256000013607263e-06,,0.0,,0.0,,0.15425672399999257,,0.5583714437541352,,0.5537492887432671,,0.9490204434010505,,0.6994010915914345,
iris,MeanShift,quantile=0.3,0.07297427200001039,,1.8360000240136287e-06,,0.0,,0.0,,0.0729761080000344,,0.5583714437541352,,0.5537492887432671,,0.9490204434010505,,0.6994010915914345,
iris,OPTICS,min_samples=10,0.1021774210000217,,1.5820000385247113e-06,,0.125,,0.0,,0.10217900300006022,,0.0954831427841703,,0.24888426760975021,,0.38788865041699583,,0.3032144739205556,
iris,OPTICS,min_samples=5,0.10136714500004018,,7.759999789413996e-07,,0.125,,0.0,,0.10136792100001912,,0.10959882275002987,,0.430002906369029,,0.31963799487643446,,0.3666962849932073,
iris,RandomForest,n_estimators=100,0.12073987899998428,,0.004718723999985741,,0.125,,0.0,,0.12545860299997003,,1.0,,1.0,,1.0,,1.0,
iris,RandomForest,n_estimators=50,0.08473159599998326,,0.0027208970000174304,,0.28515625,,0.0,,0.08745249300000069,,1.0,,1.0,,1.0,,1.0,
iris,SVC,C=0.5,0.00162248899999895,,0.000572389000012663,,0.31640625,,0.0,,0.002194878000011613,,0.8856970310281228,,0.8639756867013153,,0.8643954288752763,,0.8641855068202222,
iris,SVC,C=1.0,0.001338778999979695,,0.0004593479999925876,,0.0,,0.0,,0.0017981269999722826,,0.9221551020408163,,0.8980870992332957,,0.8980870992332957,,0.8980870992332957,
iris,SheShe,"('C=0.01,max_order=3,jaccard_threshold=0.55,', 'base_2d_rays=24')",2.047718238000016,,0.0010134720000110065,,2.8046875,,0.0,,2.048731710000027,,0.6197692732817603,,0.6520389275730867,,0.6718116278304015,,0.6617776176528549,
iris,SheShe,"('C=0.1,max_order=3,jaccard_threshold=0.55,', 'base_2d_rays=24')",2.2360808269999666,,0.001011501999983011,,0.125,,0.0,,2.2370923289999496,,0.7369026306882364,,0.7270277620467214,,0.728166991452757,,0.7275969308150502,
iris,SheShe,"('C=1.0,max_order=2,jaccard_threshold=0.55,', 'base_2d_rays=24')",1.9917480269999714,,0.0010403509999719063,,0.0,,0.0,,1.9927883779999434,,0.9037141640512019,,0.8800572622440008,,0.8801640906840561,,0.8801106732223011,
iris,SheShe,"('C=1.0,max_order=3,jaccard_threshold=0.4,', 'base_2d_rays=24')",2.2708986810000056,,0.0016825250000351843,,0.125,,0.0,,2.2725812060000408,,0.9037141640512019,,0.8800572622440008,,0.8801640906840561,,0.8801106732223011,
iris,SheShe,"('C=1.0,max_order=3,jaccard_threshold=0.55,', 'base_2d_rays=16')",1.9893548930000406,,0.0012096240000118996,,0.0,,0.0,,1.9905645170000525,,0.9037141640512019,,0.8800572622440008,,0.8801640906840561,,0.8801106732223011,
iris,SheShe,"('C=1.0,max_order=3,jaccard_threshold=0.55,', 'base_2d_rays=24')",1.8404936160000034,,0.0013017200000149387,,0.0,,0.0,,1.8417953360000183,,0.9037141640512019,,0.8800572622440008,,0.8801640906840561,,0.8801106732223011,
iris,SheShe,"('C=1.0,max_order=3,jaccard_threshold=0.7,', 'base_2d_rays=24')",3.054546963000007,,0.0015723550000075193,,0.0,,0.0,,3.0561193180000146,,0.885665306122449,,0.8622701718997605,,0.8622701718997605,,0.8622701718997605,
iris,SheShe,"('C=10.0,max_order=3,jaccard_threshold=0.55,', 'base_2d_rays=24')",1.9378193590000024,,0.001175156000044808,,0.125,,0.0,,1.9389945150000472,,0.9037675791580496,,0.8845784352713068,,0.8855462872322599,,0.8850620966553381,
iris,SheShe,"('C=100.0,max_order=3,jaccard_threshold=0.55,', 'base_2d_rays=24')",1.8627902779999772,,0.0012139190000084454,,0.125,,0.0,,1.8640041969999857,,0.9222414299226981,,0.9134738072405234,,0.9152529861036721,,0.9143625311853999,
moons,Birch,threshold=0.3,0.016319349000013972,,0.0010709270000006654,,0.0,,0.0,,0.017390276000014637,,0.5169109871765281,,0.5149577839754268,,0.5462681310590971,,0.5301510681963306,
moons,Birch,threshold=0.5,0.004531528000029539,,0.00079578199995467,,0.0,,0.0,,0.005327309999984209,,0.6713222888695911,,0.5979399885877255,,0.6065437896938907,,0.6022111600455685,
moons,Birch,threshold=0.7,0.00488828199991076,,0.0006942060000483252,,0.0,,0.0,,0.005582487999959085,,0.2342891155605276,,0.1788146156891487,,0.17909606610416948,,0.17895523023450205,
moons,DBSCAN,eps=0.2,0.00203572800000984,,1.249999968422344e-06,,0.0,,0.0,,0.0020369779999782622,,1.0,,1.0,,1.0,,1.0,
moons,DBSCAN,eps=0.3,0.002034676999983276,,1.0339999789721332e-06,,0.0,,0.0,,0.002035710999962248,,1.0,,1.0,,1.0,,1.0,
moons,DBSCAN,eps=0.4,0.002208801000051608,,1.5539999367319979e-06,,0.0,,0.0,,0.00221035499998834,,,,,,,,,
moons,DBSCAN,eps=0.5,0.0021615900000142574,,1.2970000398127013e-06,,0.0,,0.0,,0.00216288700005407,,,,,,,,,
moons,DBSCAN,eps=0.6,0.001894237999977122,,1.570999984323862e-06,,0.0,,0.0,,0.0018958089999614458,,,,,,,,,
moons,DBSCAN,eps=0.7,0.002073982999945656,,1.8769999314827146e-06,,0.0,,0.0,,0.0020758599998771388,,,,,,,,,
moons,DBSCAN,eps=0.8,0.0020717019999665354,,1.3959999023427372e-06,,0.0,,0.0,,0.002073097999868878,,,,,,,,,
moons,KMeans,n_clusters=1,0.0014555800000266572,0.0002907920069377496,0.0002548964999959935,3.843125389857787e-06,0.0,0.0,0.0,0.0,0.0017104765000226507,0.0002869488815478918,,,,,,,,
moons,KMeans,n_clusters=2,0.001505454000039208,,0.00026089300001785887,,0.0,,0.0,,0.001766347000057067,,0.23428454756734854,,0.17841504980491094,,0.17846654779912594,,0.17844079508643962,
moons,KMeans,n_clusters=3,0.0023484599998937483,,0.0003047389999437655,,0.0,,0.0,,0.002653198999837514,,0.28343008933482317,,0.4334880025674845,,0.2774326350555983,,0.33833233261979606,
moons,KMeans,n_clusters=4,0.002481284999930722,,0.00032416299995929876,,0.0,,0.0,,0.0028054479998900206,,0.2451905330347837,,0.5123284048084848,,0.2594185062667765,,0.3444327864125297,
moons,LogisticRegression,C=0.1,0.0024739140000065163,,0.0001533289999997578,,0.0,,0.0,,0.002627243000006274,,0.46973837022440984,,0.3739825377140947,,0.3740904846086238,,0.3740365033729938,
moons,LogisticRegression,C=1.0,0.0023312829999895257,,0.0001760129999865967,,0.0,,0.0,,0.0025072959999761224,,0.5660603885841168,,0.46151211730479696,,0.4616453288717197,,0.46157871347704765,
moons,LogisticRegression,C=10.0,0.0023107240000399543,,0.00019820400007120043,,0.0,,0.0,,0.0025089280001111547,,0.5966958408973357,,0.49030181715369797,,0.4903647031704417,,0.49033325814576206,
moons,MeanShift,quantile=0.2,0.06108285800007707,,1.8480000107956585e-06,,0.0,,0.0,,0.06108470600008786,,0.39345897032956384,,0.4622466374231937,,0.30318931867537025,,0.36619195098870516,
moons,MeanShift,quantile=0.3,0.06949330899999495,,1.759000042511616e-06,,0.0,,0.0,,0.06949506800003746,,0.3499213857698624,,0.28113526448659454,,0.28600500638042997,,0.2835492284486526,
moons,OPTICS,min_samples=10,0.19786916300006396,,1.4270000292526674e-06,,0.0,,0.0,,0.19787059000009322,,0.16519003464743218,,0.7687753120572417,,0.24630497471632953,,0.37308021102578126,
moons,OPTICS,min_samples=5,0.19653900200000862,,3.7299992072803434e-07,,0.0,,0.0,,0.19653937499992935,,0.045002691548537595,,0.7062759067923272,,0.17227366178142528,,0.27698547934782036,
moons,RandomForest,n_estimators=100,0.12540913400005138,,0.0059738290000268535,,0.0,,0.0,,0.13138296300007823,,1.0,,1.0,,1.0,,1.0,
moons,RandomForest,n_estimators=50,0.0634564299999738,,0.002995322999936434,,0.0,,0.0,,0.06645175299991024,,1.0,,1.0,,1.0,,1.0,
moons,SVC,C=0.5,0.0016581300000098054,,0.0007239359999857697,,0.0,,0.0,,0.002382065999995575,,0.9866665195128234,,0.9710789597876492,,0.9711100937008589,,0.9710945264947107,
moons,SVC,C=1.0,0.0013619880000987905,,0.0004600450000680212,,0.0,,0.0,,0.0018220330001668117,,1.0,,1.0,,1.0,,1.0,
moons,SheShe,"('C=0.01,max_order=3,jaccard_threshold=0.55,', 'base_2d_rays=24')",0.36359232400002384,,0.0002958510000325987,,0.0,,0.0,,0.36388817500005644,,0.49769903606494004,,0.3990774503541539,,0.39928228977478086,,0.3991798437860955,
moons,SheShe,"('C=0.1,max_order=3,jaccard_threshold=0.55,', 'base_2d_rays=24')",0.2970893479999859,,0.0002705549999291179,,0.0,,0.0,,0.297359902999915,,0.5362266964951529,,0.43349049344709495,,0.43349049344709495,,0.43349049344709495,
moons,SheShe,"('C=1.0,max_order=2,jaccard_threshold=0.55,', 'base_2d_rays=24')",0.31145084100000986,,0.0002991019999853961,,0.0,,0.0,,0.31174994299999526,,0.5966958408973357,,0.49030181715369797,,0.4903647031704417,,0.49033325814576206,
moons,SheShe,"('C=1.0,max_order=3,jaccard_threshold=0.4,', 'base_2d_rays=24')",0.2934396980000429,,0.0003272320000178297,,0.0,,0.0,,0.2937669300000607,,0.5966958408973357,,0.49030181715369797,,0.4903647031704417,,0.49033325814576206,
moons,SheShe,"('C=1.0,max_order=3,jaccard_threshold=0.55,', 'base_2d_rays=16')",0.29269204100000934,,0.00030327199999646837,,0.0,,0.0,,0.2929953130000058,,0.5966958408973357,,0.49030181715369797,,0.4903647031704417,,0.49033325814576206,
moons,SheShe,"('C=1.0,max_order=3,jaccard_threshold=0.55,', 'base_2d_rays=24')",0.2708439200000612,,0.0003253590000440454,,0.0,,0.0,,0.27116927900010523,,0.5966958408973357,,0.49030181715369797,,0.4903647031704417,,0.49033325814576206,
moons,SheShe,"('C=1.0,max_order=3,jaccard_threshold=0.7,', 'base_2d_rays=24')",0.35187640099991313,,0.00027282299993203196,,0.0,,0.0,,0.35214922399984516,,0.5966958408973357,,0.49030181715369797,,0.4903647031704417,,0.49033325814576206,
moons,SheShe,"('C=10.0,max_order=3,jaccard_threshold=0.55,', 'base_2d_rays=24')",0.2817855060000056,,0.00031039800001053663,,0.0,,0.0,,0.28209590400001616,,0.5966958408973357,,0.49030181715369797,,0.4903647031704417,,0.49033325814576206,
moons,SheShe,"('C=100.0,max_order=3,jaccard_threshold=0.55,', 'base_2d_rays=24')",0.29023237000001245,,0.00039819499988880125,,0.0,,0.0,,0.29063056499990125,,0.5966958408973357,,0.49030181715369797,,0.4903647031704417,,0.49033325814576206,
wine,Birch,threshold=0.3,0.009379516000024068,,0.0006262670000296566,,0.25,,0.0,,0.010005783000053725,,0.36840191587483156,,0.4158606952333367,,0.4162928371602123,,0.41607665398992943,
wine,Birch,threshold=0.5,0.008266669999954956,,0.0006505629999651319,,0.125,,0.0,,0.008917232999920088,,0.36840191587483156,,0.4158606952333367,,0.4162928371602123,,0.41607665398992943,
wine,Birch,threshold=0.7,0.008412278999969658,,0.000587843999994675,,0.0,,0.0,,0.009000122999964333,,0.36840191587483156,,0.4158606952333367,,0.4162928371602123,,0.41607665398992943,
wine,DBSCAN,eps=0.2,0.0017517780000275707,,8.779999802754901e-07,,0.0,,0.0,,0.0017526560000078462,,,,,,,,,
wine,DBSCAN,eps=0.3,0.0017263590000311524,,1.058999998804211e-06,,0.0,,0.0,,0.0017274180000299566,,,,,,,,,
wine,DBSCAN,eps=0.4,0.0016802060000031815,,8.470000238958164e-07,,0.0,,0.0,,0.0016810530000270774,,,,,,,,,
wine,DBSCAN,eps=0.5,0.0014686540000070636,,1.3259999604997574e-06,,0.0,,0.0,,0.0014699799999675633,,,,,,,,,
wine,DBSCAN,eps=0.6,0.0016873759999498361,,1.1810000160039635e-06,,0.0,,0.0,,0.00168855699996584,,,,,,,,,
wine,DBSCAN,eps=0.7,0.0015027160000045114,,7.03000011981203e-07,,0.0,,0.0,,0.0015034190000164926,,,,,,,,,
wine,DBSCAN,eps=0.8,0.0014725300000009156,,7.010000331320043e-07,,0.0,,0.0,,0.0014732310000340476,,,,,,,,,
wine,KMeans,n_clusters=1,0.0012194949999866367,,0.00020584899999676054,,0.0,,0.0,,0.0014253439999833972,,,,,,,,,
wine,KMeans,n_clusters=2,0.001502372999993895,,0.0001867010000182745,,0.0,,0.0,,0.0016890740000121696,,0.3649411091482042,,0.3204313382722616,,0.5588244750989907,,0.40731007220456406,
wine,KMeans,n_clusters=3,0.0015467889999740692,,0.00022133699997084477,,0.0,,0.0,,0.001768125999944914,,0.37111371823084754,,0.4288123199785647,,0.4287014138944859,,0.42875685976453554,
wine,KMeans,n_clusters=4,0.0017307999999616186,,0.00024808999995684644,,0.0,,0.0,,0.001978889999918465,,0.3157039778716498,,0.42195304010474166,,0.3760801401472451,,0.3976981468566007,
wine,KMeans,n_clusters=5,0.002128183000024819,,0.00025789699998313154,,0.0,,0.0,,0.0023860800000079507,,0.2805348389361512,,0.4315094551413498,,0.3275275190412944,,0.3723961443050837,
wine,LogisticRegression,C=0.1,0.0830470170000126,,0.00029785300000639836,,0.0,,0.0,,0.083344870000019,,0.880150986947554,,0.8376512525889943,,0.8360335535183349,,0.8368416212606192,
wine,LogisticRegression,C=1.0,0.08640437400003975,,0.00028138600004012915,,0.0,,0.0,,0.08668576000007988,,0.9305791411119748,,0.900249309124952,,0.9022678489568878,,0.901257448815048,
wine,LogisticRegression,C=10.0,0.1018358929999863,,0.0002467350000188162,,0.0,,0.0,,0.10208262800000512,,0.9817113012677561,,0.9727403792780994,,0.9737512031108617,,0.9732455287312801,
wine,MeanShift,quantile=0.2,0.027264891000015723,,1.2909999895782676e-06,,0.0,,0.0,,0.0272661820000053,,0.30076416372844045,,0.35612543397885477,,0.40477780823887155,,0.37889619763988325,
wine,MeanShift,quantile=0.3,0.03437261600004149,,8.090000278571097e-07,,0.0,,0.0,,0.034373425000069346,,0.4506759548102159,,0.3726229738875874,,0.6137389676278118,,0.4637105907732401,
wine,OPTICS,min_samples=10,0.11755828300005078,,9.340000133306603e-07,,0.125,,0.0,,0.11755921700006411,,0.1783211004017938,,0.3575844294583745,,0.2323885500462824,,0.28170282357923776,
wine,OPTICS,min_samples=5,0.12218058700000256,,4.030000013699464e-07,,0.0,,0.0,,0.12218099000000393,,0.08943451582005092,,0.43046518908426207,,0.2126316919762401,,0.28465552916667813,
wine,RandomForest,n_estimators=100,0.12105639899999687,,0.004416842000011911,,0.0,,0.0,,0.12547324100000878,,1.0,,1.0,,1.0,,1.0,
wine,RandomForest,n_estimators=50,0.0827298780000092,,0.0027131379999900673,,0.0,,0.0,,0.08544301599999926,,1.0,,1.0,,1.0,,1.0,
wine,SVC,C=0.5,0.0017046469999968394,,0.0009217109999895001,,0.0,,0.0,,0.0026263579999863396,,0.42157222248070053,,0.37589581509560677,,0.5457988835535098,,0.44518758003559533,
wine,SVC,C=1.0,0.0015430280000146013,,0.0008562820000292959,,0.0,,0.0,,0.002399310000043897,,0.4051654180152261,,0.3960170167883046,,0.39983936261114617,,0.3979190107021276,
wine,SheShe,"('C=0.01,max_order=3,jaccard_threshold=0.55,', 'base_2d_rays=24')",3.3312722599999915,,0.0013555319999909443,,0.125,,0.0,,3.3326277919999825,,0.6274963682601203,,0.6235539671427667,,0.6551145350823652,,0.6389447563189832,
wine,SheShe,"('C=0.1,max_order=3,jaccard_threshold=0.55,', 'base_2d_rays=24')",3.41206514299995,,0.0018737899999905494,,0.0,,0.0,,3.4139389329999403,,0.7699529463990731,,0.7586334783636205,,0.7620762082914359,,0.7603509463347425,
wine,SheShe,"('C=1.0,max_order=2,jaccard_threshold=0.55,', 'base_2d_rays=24')",3.2771842789999823,,0.0015377409999928204,,0.125,,0.0,,3.278722019999975,,0.7842048516942449,,0.763233554459746,,0.7628317530822827,,0.7630326008753926,
wine,SheShe,"('C=1.0,max_order=3,jaccard_threshold=0.4,', 'base_2d_rays=24')",3.3984634760000176,,0.001339348999977119,,0.0,,0.0,,3.3998028249999948,,0.7842048516942449,,0.763233554459746,,0.7628317530822827,,0.7630326008753926,
wine,SheShe,"('C=1.0,max_order=3,jaccard_threshold=0.55,', 'base_2d_rays=16')",3.7593856089999917,,0.001321292000000085,,0.0,,0.0,,3.760706900999992,,0.8294871824427046,,0.7926967322436133,,0.7926967322436133,,0.7926967322436133,
wine,SheShe,"('C=1.0,max_order=3,jaccard_threshold=0.55,', 'base_2d_rays=24')",3.274732936000021,,0.001560289999986253,,0.0,,0.0,,3.276293226000007,,0.7842048516942449,,0.763233554459746,,0.7628317530822827,,0.7630326008753926,
wine,SheShe,"('C=1.0,max_order=3,jaccard_threshold=0.7,', 'base_2d_rays=24')",4.639464298000007,,0.0018209979999710413,,0.0,,0.0,,4.641285295999978,,0.8619112881215135,,0.8348929333157358,,0.83261274093756,,0.8337512781282704,
wine,SheShe,"('C=10.0,max_order=3,jaccard_threshold=0.55,', 'base_2d_rays=24')",3.085586911000007,,0.0013872440000000097,,0.125,,0.0,,3.086974155000007,,0.7842048516942449,,0.763233554459746,,0.7628317530822827,,0.7630326008753926,
wine,SheShe,"('C=100.0,max_order=3,jaccard_threshold=0.55,', 'base_2d_rays=24')",2.8298973790000446,,0.0017186540000011519,,0.0,,0.0,,2.8316160330000457,,0.8136467549410863,,0.7797107220091994,,0.7790271015128002,,0.7793687618522159,
